Metric,Value
Accuracy,0.6588628762541806
Sensitivity,0.5970149253731343
Specificity,0.7090909090909091
F1-score,0.6106870229007634
